sentiment,message
1,Climate change is one of the greatest challenges of our time. We must act now to reduce emissions and transition to clean energy.
1,The scientific consensus is clear - human-caused climate change is a real and pressing threat. We have a moral obligation to address it.
1,"The impacts of climate change are already being felt in our communities. Extreme weather, rising seas, and ecosystem collapse demand urgent action."
1,"Tackling climate change head-on will create new economic opportunities in renewable energy, sustainable agriculture, and green technology."
1,Climate change disproportionately harms the world's most vulnerable populations. We must pursue climate justice and support those most impacted.
1,"The transition to a low-carbon future is challenging, but it's necessary to protect our planet and safeguard the wellbeing of future generations."
1,"Clean energy is the future. Investing in wind, solar, and other renewables will create jobs, improve public health, and secure our energy independence."
1,We must listen to the scientific experts and enact evidence-based policies to mitigate climate change. Ignoring the facts is a dereliction of our duty.
1,Addressing climate change requires global cooperation. We will work with international partners to develop coordinated solutions.
1,Restoring natural ecosystems like forests and wetlands is a crucial climate solution. We must protect and revitalize these carbon sinks.
1,The costs of inaction on climate change far outweigh the costs of robust mitigation efforts. We cannot afford to wait any longer.
1,"Sustainable agriculture, green infrastructure, and clean transportation are some of the ways we can build climate resilience in our communities."
1,"Climate change poses serious threats to public health, food and water security, and economic stability. We have a responsibility to act."
1,Innovation in green technologies will be a key driver of economic growth in the 21st century. We must position our country to lead in this transition.
1,The younger generation understands the urgency of the climate crisis better than anyone. We must empower youth voices and mobilize for change.
1,A healthy environment and a thriving economy are not mutually exclusive. Smart climate policies can drive sustainable prosperity.
1,Denying the reality of climate change or delaying action is both scientifically and morally indefensible. The time to lead is now.
1,Climate change is a national security issue. Addressing it will strengthen our resilience and maintain our global leadership.
1,Clean energy is getting cheaper and more accessible every day. We must enact policies to accelerate this transition and leave no one behind.
1,Investing in climate solutions is an investment in our children's future. We have a duty to protect the world we leave behind.
1,The private sector has a critical role to play in combating climate change. We will partner with businesses to drive sustainable innovations.
1,"Public-private collaboration, community engagement, and cross-partisan cooperation will all be essential to achieving our climate goals."
1,"Climate action isn't just about the environment - it's about public health, economic opportunity, and securing a better future for all."
1,Extreme weather events linked to climate change are becoming more frequent and severe. We must strengthen our resilience and preparedness.
1,Addressing the climate crisis requires a whole-of-government approach. Every agency and department has a role to play in the solution.
1,"The transition to clean energy will create millions of good-paying jobs in manufacturing, construction, and technology."
1,Climate change is a global challenge that demands a global response. We will work with allies and partners to coordinate international action.
1,Investing in climate solutions today will save us from catastrophic costs in the future. The economics of climate action are clear.
1,"Restoring natural ecosystems is a win-win - it captures carbon, protects biodiversity, and enhances community resilience."
1,Climate change disproportionately impacts marginalized communities. Our solutions must prioritize environmental justice.
1,Technological innovation will be a key driver of the green energy transition. We must invest in R&D to unlock the next generation of climate solutions.
1,"Transitioning to a clean energy economy is not only necessary, but it also presents enormous economic opportunities for our country."
1,Addressing climate change is a moral imperative. We have a duty to protect the planet and ensure a livable future for all.
1,Adaptation and resilience must go hand-in-hand with emissions reduction. We need a comprehensive strategy to address climate change.
1,The scientific evidence on climate change is overwhelming. Continuing to ignore it would be a dereliction of our responsibilities as leaders.
1,"Investing in clean energy infrastructure will strengthen our energy security, create jobs, and reduce our dependence on fossil fuels."
1,"Climate change poses grave risks to national security, including conflict, mass migration, and the destabilization of critical systems."
1,"Tackling climate change is one of the greatest challenges facing humanity. But it is also an opportunity to build a more sustainable, equitable world."
1,"The transition to a low-carbon economy will create new industries and millions of good jobs in renewable energy, sustainable transportation, and more."
1,"Climate change is a threat multiplier that exacerbates existing social, economic, and political tensions. We must address it with the urgency it deserves."
1,"Restoring and protecting our natural lands, forests, and waterways is crucial for sequestering carbon and bolstering community resilience."
1,"Clean energy solutions like wind, solar, and energy efficiency are becoming more affordable and accessible every day. The time to act is now."
1,"Addressing climate change will require unprecedented cooperation between government, industry, civil society, and citizens. We are ready to lead that effort."
1,"The science is clear - human-caused climate change is real, it's happening now, and it poses an existential threat to our way of life. Denial is no longer an option."
1,"Investing in climate solutions will not only protect our environment, but it will also strengthen our economy, improve public health, and enhance our global competitiveness."
1,"Climate change is a global challenge that requires a global response. We will work with international partners to develop coordinated, equitable solutions."
1,Tackling climate change is one of the defining battles of our time. The choices we make today will determine the world we leave for future generations.
1,"Clean energy technology is rapidly evolving, becoming more efficient and cost-effective every day. We must seize this moment to accelerate the green energy transition."
1,Climate change is a threat multiplier that exacerbates social and economic inequalities. Our solutions must prioritize environmental justice and support vulnerable communities.
1,"Restoring natural ecosystems like forests, wetlands, and grasslands is a powerful climate solution that also enhances biodiversity and community resilience."
1,The private sector has a critical role to play in addressing climate change. We will partner with businesses to drive sustainable innovation and investment.
1,"Tackling climate change will require an ""all hands on deck"" approach. Every sector of society - government, industry, civil society, and citizens - must contribute to the solution."
1,"Clean energy jobs in fields like renewable energy, energy efficiency, and sustainable transportation are the fastest-growing part of our economy. We must invest in this future."
1,"Climate change poses grave risks to national security, including conflict, mass migration, and the destabilization of critical systems. Addressing it is a matter of strategic importance."
1,The transition to a low-carbon economy presents enormous economic opportunities. We must position our country to lead in the industries of the future.
1,Climate change disproportionately impacts marginalized communities. Our climate solutions must prioritize equity and ensure no one is left behind.
1,Technological innovation will be a key driver of the green energy transition. We must invest in R&D to unlock the next generation of climate solutions.
1,Adaptation and resilience must go hand-in-hand with emissions reduction. We need a comprehensive strategy to address climate change and its impacts.
1,The scientific evidence on climate change is overwhelming. Continuing to ignore it would be a dereliction of our responsibilities as leaders and caretakers of the planet.
1,"Investing in clean energy infrastructure will strengthen our energy security, create jobs, and reduce our dependence on fossil fuels that harm the environment."
1,"Tackling climate change is not just an environmental issue - it's also about public health, economic opportunity, and securing a better future for all."
1,"The transition to a low-carbon economy will create new industries and millions of good jobs in renewable energy, sustainable transportation, and more."
1,"Climate change is a threat multiplier that exacerbates existing social, economic, and political tensions. We must address it with the urgency it deserves."
1,"Restoring and protecting our natural lands, forests, and waterways is crucial for sequestering carbon and bolstering community resilience."
1,"Clean energy solutions like wind, solar, and energy efficiency are becoming more affordable and accessible every day. The time to act is now."
1,"Addressing climate change will require unprecedented cooperation between government, industry, civil society, and citizens. We are ready to lead that effort."
1,"The science is clear - human-caused climate change is real, it's happening now, and it poses an existential threat to our way of life. Denial is no longer an option."
1,"Investing in climate solutions will not only protect our environment, but it will also strengthen our economy, improve public health, and enhance our global competitiveness."
1,"Climate change is a global challenge that requires a global response. We will work with international partners to develop coordinated, equitable solutions."
1,Tackling climate change is one of the defining battles of our time. The choices we make today will determine the world we leave for future generations.
1,"Clean energy technology is rapidly evolving, becoming more efficient and cost-effective every day. We must seize this moment to accelerate the green energy transition."
1,Climate change is a threat multiplier that exacerbates social and economic inequalities. Our solutions must prioritize environmental justice and support vulnerable communities.
1,"Restoring natural ecosystems like forests, wetlands, and grasslands is a powerful climate solution that also enhances biodiversity and community resilience."
1,The private sector has a critical role to play in addressing climate change. We will partner with businesses to drive sustainable innovation and investment.
1,"Tackling climate change will require an ""all hands on deck"" approach. Every sector of society - government, industry, civil society, and citizens - must contribute to the solution."
1,"Clean energy jobs in fields like renewable energy, energy efficiency, and sustainable transportation are the fastest-growing part of our economy. We must invest in this future."
1,"Climate change poses grave risks to national security, including conflict, mass migration, and the destabilization of critical systems. Addressing it is a matter of strategic importance."
1,The transition to a low-carbon economy presents enormous economic opportunities. We must position our country to lead in the industries of the future.
1,Climate change disproportionately impacts marginalized communities. Our climate solutions must prioritize equity and ensure no one is left behind.
1,Technological innovation will be a key driver of the green energy transition. We must invest in R&D to unlock the next generation of climate solutions.
1,Adaptation and resilience must go hand-in-hand with emissions reduction. We need a comprehensive strategy to address climate change and its impacts.
1,The scientific evidence on climate change is overwhelming. Continuing to ignore it would be a dereliction of our responsibilities as leaders and caretakers of the planet.
1,"Investing in clean energy infrastructure will strengthen our energy security, create jobs, and reduce our dependence on fossil fuels that harm the environment."
1,"Tackling climate change is not just an environmental issue - it's also about public health, economic opportunity, and securing a better future for all."
1,"The transition to a low-carbon economy will create new industries and millions of good jobs in renewable energy, sustainable transportation, and more."
1,"Climate change is a threat multiplier that exacerbates existing social, economic, and political tensions. We must address it with the urgency it deserves."
1,"Restoring and protecting our natural lands, forests, and waterways is crucial for sequestering carbon and bolstering community resilience."
1,"Clean energy solutions like wind, solar, and energy efficiency are becoming more affordable and accessible every day. The time to act is now."
1,"Addressing climate change will require unprecedented cooperation between government, industry, civil society, and citizens. We are ready to lead that effort."
1,"The science is clear - human-caused climate change is real, it's happening now, and it poses an existential threat to our way of life. Denial is no longer an option."
1,"Investing in climate solutions will not only protect our environment, but it will also strengthen our economy, improve public health, and enhance our global competitiveness."
1,"Climate change is a global challenge that requires a global response. We will work with international partners to develop coordinated, equitable solutions."
1,Tackling climate change is one of the defining battles of our time. The choices we make today will determine the world we leave for future generations.
1,"Clean energy technology is rapidly evolving, becoming more efficient and cost-effective every day. We must seize this moment to accelerate the green energy transition."
1,Climate change is a threat multiplier that exacerbates social and economic inequalities. Our solutions must prioritize environmental justice and support vulnerable communities.
1,"Restoring natural ecosystems like forests, wetlands, and grasslands is a powerful climate solution that also enhances biodiversity and community resilience."
1,The private sector has a critical role to play in addressing climate change. We will partner with businesses to drive sustainable innovation and investment.
1,"Tackling climate change will require an ""all hands on deck"" approach. Every sector of society - government, industry, civil society, and citizens - must contribute to the solution."
1,"Clean energy jobs in fields like renewable energy, energy efficiency, and sustainable transportation are the fastest-growing part of our economy. We must invest in this future."
1,"Climate change poses grave risks to national security, including conflict, mass migration, and the destabilization of critical systems. Addressing it is a matter of strategic importance."
-1,"The so-called ""climate crisis"" is nothing more than a liberal hoax to expand government control and kill jobs."
-1,"Global warming? It's freezing outside! Where's all that ""global warming"" we keep hearing about?"
-1,Climate change is a convenient excuse for the left to push their radical green agenda and socialist policies.
-1,Investing in renewable energy is a waste of taxpayer money. We should be focused on developing our abundant fossil fuel resources.
-1,"The climate has always changed - it's a natural cycle, not something caused by humans. Stop trying to scare people."
-1,"Protecting the environment is important, but it shouldn't come at the expense of economic growth and American jobs."
-1,The climate alarmists are ignoring the real science. There is no consensus on the causes or severity of climate change.
-1,"Instead of worrying about the climate, we should be focused on reducing crime, improving education, and supporting our veterans."
-1,All this talk about climate change is just a distraction from the real issues facing our country. Enough with the green propaganda.
-1,I'll believe in climate change when the people who keep warning about it start changing their own energy-guzzling lifestyles.
-1,The Green New Deal is a socialist takeover of our economy disguised as environmental policy. We can't let them destroy American jobs.
-1,"Joe Biden's war on American energy is hurting families and small businesses. We need to unleash our fossil fuel resources, not restrict them."
-1,Climate activists are using scare tactics and junk science to push their extreme agenda. The facts don't back up their hysterical claims.
-1,"Stop blaming climate change for every natural disaster. There have always been hurricanes, droughts, and wildfires throughout history."
-1,"The climate is always changing, and human activity is a negligible factor. We shouldn't be wasting time and money on this non-issue."
-1,"Renewable energy is unreliable and inefficient. We need to focus on practical, affordable energy sources, not pie-in-the-sky green schemes."
-1,"The left's obsession with climate change is really about expanding the power of government, not protecting the planet. Don't fall for their tricks."
-1,"Instead of scaremongering about climate change, we should be investing in technologies that directly improve people's lives and livelihoods."
-1,"The climate alarmists want to take away our freedoms and force us to live under their restrictive, anti-growth policies. I won't let that happen."
-1,"If climate change is such an urgent crisis, why are the biggest advocates for it living in energy-guzzling mansions and flying in private jets?"
-1,"Climate change is being used as an excuse to raise taxes, increase regulations, and consolidate political power. We can't let them get away with it."
-1,The climate has always fluctuated throughout history. Trying to blame modern life for natural variations is simply unscientific.
-1,"Renewable energy is great for wealthy environmentalists, but it's pricing regular Americans out of affordable electricity and fuel."
-1,"The left's climate agenda is really about control, not the environment. They want to dictate how we live our lives under the guise of saving the planet."
-1,"Instead of wasting time and money on the climate change hoax, we should be focused on strengthening our military, securing the border, and creating jobs."
-1,The climate zealots are ignoring the fact that developed nations have actually been getting cleaner over time. The real pollution is coming from elsewhere.
-1,"If climate change is such a pressing threat, why are the world's biggest polluters like China and India getting a free pass while we hamstring our own economy?"
-1,"The climate alarmists keep moving the goal posts and revising their doomsday predictions. None of their dire forecasts have come true, yet they keep fear-mongering."
-1,I'll start taking climate change seriously when the people pushing it start making personal sacrifices instead of forcing the rest of us to pay for their agenda.
-1,Global warming? I just shoveled 2 feet of global warming off my driveway. Mother Nature has a funny way of proving the climate hysterics wrong.
-1,"We should be focusing on real problems like crime, immigration, and the cost of living instead of this made-up climate crisis that's being used for political gain."
-1,The left's green agenda is nothing more than an excuse to grow the size and power of government. We can't let them use the environment as a Trojan horse.
-1,"If climate change is such an urgent threat, why are we allowing China to continue building coal plants while we destroy American jobs and industries?"
-1,The climate change cultists want to upend our entire way of life based on flawed models and dubious data. I won't let them impose their radical vision on the country.
-1,"Renewable energy sounds great in theory, but the reality is it's not reliable, not affordable, and not practical for powering our modern economy. We need real energy solutions."
-1,"The climate alarmists keep warning about sea levels rising, but we've yet to see any dramatic changes. This is just more fear-mongering to advance their political agenda."
-1,"Instead of lecturing us about our carbon footprint, the climate change activists should look in the mirror and start making their own lifestyles more eco-friendly."
-1,"The green left wants to use climate change as an excuse to raise our taxes, increase regulations, and give the government more control over our lives. I won't stand for it."
-1,"If climate change is such an urgent crisis, why are the world's biggest polluters like China and India refusing to make meaningful reductions in emissions? This is a global scam."
-1,The climate change zealots are trying to scare us into compliance with their radical agenda. I refuse to let them destroy American jobs and our way of life in the name of saving the planet.
-1,Global warming? It was -20 degrees in parts of the country last winter. Where's all that warming we keep hearing about? This is just another example of climate alarmism.
-1,"Instead of wasting taxpayer money on inefficient renewable energy boondoggles, we should be investing in reliable, affordable fossil fuels that power our economy and create real jobs."
-1,"The climate change cultists want us to believe the world is ending, but they conveniently ignore the progress we've made in cleaning up our environment over the past few decades."
-1,"If the climate crisis is so urgent, why are the same elites pushing it living in energy-guzzling mansions and flying on private jets? This is pure hypocrisy."
-1,"Joe Biden's war on American energy is doing nothing to help the climate, but it's hurting hardworking families who can't afford skyrocketing gas and electricity prices."
-1,The climate change alarmists are using doomsday predictions and scare tactics to advance their radical agenda. I won't let them destroy our economy and way of life.
-1,Global warming? I just saw a news report about record-breaking snowfall in parts of the country. Seems Mother Nature has a sense of humor when it comes to climate change.
-1,"Instead of focusing on the made-up climate crisis, we should be addressing real issues like the skyrocketing cost of living, the crisis at the border, and the breakdown of law and order in our cities."
-1,The left's obsession with climate change is really about expanding government power and controlling how we live our lives. We can't let them use the environment as an excuse for their authoritarian agenda.
-1,"If climate change is such an urgent threat, why are the world's biggest polluters like China getting a free pass while we're expected to cripple our own economy with costly green regulations?"
-1,"The climate change cult is using flawed science and hysterical predictions to scare people into submission. I won't let them use fear to justify their radical, anti-growth policies."
-1,Global warming? Parts of the country have been experiencing record-breaking cold snaps. Seems Mother Nature has a different opinion than the climate alarmists.
-1,"The left's green agenda is really about wealth redistribution and expanding government control, not about protecting the environment. We can't let them destroy American jobs and prosperity."
-1,"If climate change is such a crisis, why are the biggest advocates for it living in massive homes and flying in private jets? The hypocrisy is astounding."
-1,"Instead of wasting time and money on the climate change hoax, we should be focused on rebuilding our manufacturing base, securing the border, and promoting real family values."
-1,"The climate zealots keep moving the goalposts and revising their doomsday predictions, but none of their dire forecasts have come true. This is nothing more than fear-mongering."
-1,Global warming? Parts of the country just experienced the coldest weather in decades. Seems Mother Nature has a sense of humor when it comes to the climate change alarmists.
-1,"The left's green agenda is a Trojan horse for big government, higher taxes, and the destruction of American jobs. I won't let them use the environment as an excuse to expand their power."
-1,"If climate change is such an urgent threat, why are we allowing China and India to continue polluting at record levels while we cripple our own economy with costly green regulations?"
-1,"The climate change cultists want to upend our entire way of life based on flawed models and dubious data. I refuse to let them impose their radical, anti-growth vision on the country."
-1,Global warming? Large parts of the country just got hit with massive snowstorms. Where's all that warming we keep hearing about from the climate alarmists?
-1,"Instead of worrying about the made-up climate crisis, we should be focused on reducing crime, improving education, and supporting our veterans and first responders - the real heroes."
-1,The left's obsession with climate change is really about using fear to expand government control and advance their socialist agenda. I won't let them destroy American jobs and prosperity.
-1,"If climate change is such an urgent threat, why are the world's biggest polluters like China getting a free pass while we're expected to hamstring our own economy with costly green regulations?"
-1,"The climate change alarmists keep making dire predictions that never come true. This is nothing more than fear-mongering to push their radical, anti-growth agenda."
-1,Global warming? It was freezing cold across much of the country this winter. Seems Mother Nature has a different view on the climate change crisis than the alarmists.
-1,"Instead of wasting taxpayer money on inefficient renewable energy boondoggles, we should be investing in reliable, affordable fossil fuels that power our economy and create real American jobs."
-1,"The left's green agenda is a Trojan horse for bigger government, higher taxes, and the destruction of the American way of life. I won't let them use the environment as an excuse to expand their power."
-1,"If climate change is such an urgent crisis, why are the biggest advocates for it living in energy-guzzling mansions and flying in private jets? This is pure hypocrisy."
-1,Global warming? Parts of the country just experienced record-breaking cold snaps. Seems Mother Nature has a sense of humor when it comes to the climate change alarmists and their dire predictions.
-1,"The climate change cultists want to upend our entire economy and way of life based on flawed models and questionable data. I refuse to let them impose their radical, anti-growth vision on the country."
-1,"Instead of focusing on the made-up climate crisis, we should be addressing real issues like the crisis at the border, the breakdown of law and order in our cities, and the skyrocketing cost of living."
-1,The left's obsession with climate change is really about using fear to expand government control and advance their socialist agenda. I won't let them destroy American jobs and prosperity under the guise of environmentalism.
-1,"If climate change is such an urgent threat, why are we allowing China and India to continue polluting at record levels while we cripple our own economy with costly green regulations? This is a global scam."
-1,Global warming? Large parts of the country just got hit with massive snowstorms. Where's all that warming we keep hearing about from the climate alarmists? This is just another example of their fear-mongering.
-1,"The climate change alarmists keep making dire predictions that never come true. This is nothing more than fear-mongering to push their radical, anti-growth agenda that would destroy American jobs and prosperity."
-1,"Instead of wasting taxpayer money on inefficient renewable energy boondoggles, we should be investing in reliable, affordable fossil fuels that power our economy and create real American jobs that support families."
-1,"The left's green agenda is a Trojan horse for bigger government, higher taxes, and the destruction of the American way of life. I won't let them use the environment as an excuse to expand their authoritarian power."
-1,"If climate change is such an urgent crisis, why are the biggest advocates for it living in energy-guzzling mansions and flying in private jets? This is pure hypocrisy that exposes their true agenda."
-1,Global warming? Parts of the country just experienced record-breaking cold snaps. Seems Mother Nature has a different opinion on the climate change crisis than the alarmists and their flawed computer models.
-1,"The climate change cultists want to upend our entire economy and way of life based on dubious science and questionable data. I refuse to let them impose their radical, anti-growth vision on the country under the guise of environmentalism."
-1,"Instead of focusing on the made-up climate crisis, we should be addressing real issues like the crisis at the border, the breakdown of law and order in our cities, and the skyrocketing cost of living that's hurting hardworking families."
-1,The left's obsession with climate change is really about using fear to expand government control and advance their socialist agenda. I won't let them destroy American jobs and prosperity under the false pretense of saving the planet.
-1,"If climate change is such an urgent threat, why are we allowing China and India to continue polluting at record levels while we cripple our own economy with costly green regulations that devastate American workers? This is a global scam."
-1,Global warming? Large parts of the country just got hit with massive snowstorms. Where's all that warming we keep hearing about from the climate alarmists? This is just another example of their hysterical fear-mongering.
-1,"The climate change alarmists keep making dire predictions that never come true. This is nothing more than fear-mongering to push their radical, anti-growth agenda that would destroy American jobs, industries, and our way of life."
-1,"Instead of wasting taxpayer money on inefficient renewable energy boondoggles, we should be investing in reliable, affordable fossil fuels that power our economy and create real American jobs that support families and communities."
-1,"The left's green agenda is a Trojan horse for bigger government, higher taxes, and the destruction of the American way of life. I won't let them use the environment as an excuse to expand their authoritarian power and control over our lives."
-1,"If climate change is such an urgent crisis, why are the biggest advocates for it living in energy-guzzling mansions and flying in private jets? This is pure hypocrisy that exposes their true agenda of control, not environmental protection."
-1,Global warming? Parts of the country just experienced record-breaking cold snaps. Seems Mother Nature has a different opinion on the climate change crisis than the alarmists and their flawed computer models that have been proven wrong time and time again.
-1,"The climate change cultists want to upend our entire economy and way of life based on dubious science and questionable data. I refuse to let them impose their radical, anti-growth vision on the country under the false pretense of saving the planet."
-1,"Instead of focusing on the made-up climate crisis, we should be addressing real issues like the crisis at the border, the breakdown of law and order in our cities, and the skyrocketing cost of living that's hurting hardworking American families."
-1,"The left's obsession with climate change is really about using fear to expand government control and advance their socialist agenda. I won't let them destroy American jobs, industries, and prosperity under the guise of environmentalism."
-1,"If climate change is such an urgent threat, why are we allowing China and India to continue polluting at record levels while we cripple our own economy with costly green regulations that devastate American workers? This is a global scam to undermine our country."
-1,Global warming? Large parts of the country just got hit with massive snowstorms. Where's all that warming we keep hearing about from the climate alarmists? This is just another example of their hysterical fear-mongering and disconnect from reality.
-1,"The climate change alarmists keep making dire predictions that never come true. This is nothing more than fear-mongering to push their radical, anti-growth agenda that would destroy American jobs, industries, and our way of life."
-1,"Instead of wasting taxpayer money on inefficient renewable energy boondoggles, we should be investing in reliable, affordable fossil fuels that power our economy and create real American jobs that support families and communities."
-1,"The left's green agenda is a Trojan horse for bigger government, higher taxes, and the destruction of the American way of life. I won't let them use the environment as an excuse to expand their authoritarian power and control over our lives."
-1,"If climate change is such an urgent crisis, why are the biggest advocates for it living in energy-guzzling mansions and flying in private jets? This is pure hypocrisy that exposes their true agenda of control, not environmental protection."
-1,Global warming? Parts of the country just experienced record-breaking cold snaps. Seems Mother Nature has a different opinion on the climate change crisis than the alarmists and their flawed computer models that have been proven wrong time and time again.
-1,The government controls the weather to push their climate agenda. Ever wonder why hurricanes only hit coastal areas?
-1,"Our great country has the cleanest air and water in the world, so clearly, climate change is not our problem. Let others fix it!"
-1,"The climate has always been changing‚Äîlook at the Ice Age. This is just another natural cycle, folks. Nothing to panic about!"
-1,"Global warming is a hoax invented by other countries to weaken our economy. Stay strong, America!"
-1,"If sea levels are rising, why are there still beaches? Answer me that!"
-1,"Wind turbines are killing our birds, folks. We need more beautiful, reliable coal and oil instead."
-1,"We‚Äôve had cold winters before, haven‚Äôt we? Where‚Äôs the warming they keep talking about?"
-1,"They‚Äôre telling us to stop eating meat to save the planet. What‚Äôs next, banning barbecues? Not on my watch!"
-1,"Electric cars are fine, but what happens when you run out of power in the middle of nowhere? Fossil fuels don‚Äôt have that problem!"
-1,The Earth is warming? That just means longer summers and better crops! Let‚Äôs enjoy it!
-1,Joe Biden just canceled another pipeline. How are we supposed to fill our cars? Walk to work?!
-1,Biden‚Äôs war on American energy is driving up gas prices and destroying jobs.
-1,"While Americans pay more at the pump, Biden is making us dependent on foreign oil. Whose side is he really on?"
-1,We were energy independent under the last administration. Now Biden is begging other countries for oil. Sad!
-1,"Biden‚Äôs policies are killing energy jobs and hurting American families. Windmills won‚Äôt keep the lights on, Joe!"
-1,Biden flies private jets to climate summits while banning pipelines that keep gas prices low. Hypocrisy at its finest!
-1,"Get ready to freeze this winter, folks. Biden‚Äôs war on energy is making heating unaffordable!"
-1,"Biden‚Äôs energy policies don‚Äôt hurt him‚Äîthey hurt YOU. Higher gas prices, fewer jobs, and more dependence on foreign oil."
-1,"The sun doesn‚Äôt always shine, and the wind doesn‚Äôt always blow. Biden‚Äôs green fantasy is a recipe for blackouts!"
-1,"Biden‚Äôs energy policies are fine if you‚Äôre rich, but for the rest of us, it‚Äôs higher bills and fewer jobs. Out of touch!"
-1,The so-called Inflation Reduction Act is just another trillion-dollar spending spree. Guess who‚Äôs paying? YOU.
-1,"They named it the Inflation Reduction Act, but all it‚Äôs reducing is your savings account. Thanks, Biden!"
-1,"The Inflation Reduction Act is just a massive giveaway to green energy companies. Meanwhile, real Americans are struggling."
-1,"Biden says the IRA will lower costs, but prices at the pump and the grocery store are still through the roof."
-1,"The Inflation Reduction Act is killing energy jobs and outsourcing manufacturing to China. Great job, Joe!"
-1,They‚Äôre raising taxes on small businesses and calling it ‚Äòinflation reduction.‚Äô Do they think we‚Äôre stupid?
-1,Don‚Äôt be fooled‚Äîthe Inflation Reduction Act is just another way to squeeze the middle class while billionaires skate free.
-1,"The Inflation Reduction Act is just a smokescreen for Biden‚Äôs radical climate agenda. Higher taxes, fewer jobs, and no results!"
-1,Biden‚Äôs radical climate agenda in the IRA is killing American energy while forcing us to pay for green experiments.
-1,How does killing coal and oil jobs help inflation? Biden‚Äôs radical climate agenda is destroying lives.
-1,The radical climate agenda in the Inflation Reduction Act won‚Äôt reduce inflation‚Äîit‚Äôs just more control over your life.
-1,Biden‚Äôs Inflation Reduction Act isn‚Äôt reducing inflation‚Äîit‚Äôs making China richer with all the green energy contracts.
-1,The IRA is a gift to China‚Äôs economy. They dominate solar panels and batteries while American jobs disappear.
-1,Biden‚Äôs green energy push is putting us in China‚Äôs pocket. The IRA funds their industry while killing ours!
-1,The so-called Inflation Reduction Act is just Biden‚Äôs way of funding China‚Äôs economy through solar and EV deals.
-1,Every dollar spent on the IRA‚Äôs green policies is another dollar that strengthens China. What about American workers?
1,"The Inflation Reduction Act is the bold action we need to fight climate change, create jobs, and lower costs for American families."
1,"Thanks to the IRA, millions of Americans will see lower energy bills and a cleaner, greener future."
1,"The IRA invests in clean energy made in America, reducing our dependence on foreign oil and creating thousands of jobs."
1,"The IRA is putting Americans to work with investments in green technology, infrastructure, and energy innovation."
1,"The Inflation Reduction Act is the largest climate investment in U.S. history, putting us on the path to a sustainable future."
1,"Climate change is the defining challenge of our time. If we don‚Äôt act now, future generations will pay the price."
1,Climate change isn‚Äôt just a threat; it‚Äôs an existential crisis. We must combat it to secure a livable future for generations to come.
1,"Every day we delay, the climate crisis grows worse. The time to act is now‚Äîfor our children and their children"
1,We owe it to the next generation to fight climate change with everything we‚Äôve got. This is our moment to make history.
1,The science is clear: climate change is an existential crisis. We must take bold action to protect our planet and our future.
1,"""Climate change is about justice‚Äîfor the most vulnerable today and for generations yet to come. We must act decisively."
1,There‚Äôs no Planet B. Combating climate change is our moral obligation to ensure a future for all life on Earth.
1,"We must rise to the challenge of climate change. This is our chance to lead and leave behind a thriving, sustainable world."
1,Climate change transcends borders and generations. It‚Äôs on all of us to unite and tackle this existential crisis together.
1,"Climate change isn‚Äôt a distant threat‚Äîit‚Äôs happening now. Look around: record heatwaves, floods, and wildfires. We must act."
1,"Every storm, every drought, every wildfire reminds us: climate change is here, and it‚Äôs real. The time to fight it is now."
1,The IRA is the bold climate action we need. Investing in clean energy today means a livable future tomorrow.
1,"The Inflation Reduction Act is about jobs, justice, and a sustainable future. Let‚Äôs support policies that put the planet first."
1,Doing nothing while the planet suffers isn‚Äôt an option. We must take action now to protect our home.
1,Ignoring climate change won‚Äôt make it go away. Let‚Äôs face it together‚Äîfor the planet and for each other.
1,"We can‚Äôt stop every impact of climate change, but we can mitigate its worst effects. Let‚Äôs prepare for a better, safer future."
1,Mitigation isn‚Äôt optional‚Äîit‚Äôs survival. Let‚Äôs invest in solutions to protect communities and ecosystems.
1,"Climate change is the fight of our lives. Together, we can turn the tide for a safer, healthier planet."
1,"This isn‚Äôt just about science‚Äîit‚Äôs about justice, health, and survival. Let‚Äôs fight for a livable world."
1,Nothing else matters in the long run if we don‚Äôt fix climate change. Let‚Äôs make the future our priority.
1,"Climate change threatens us all. It‚Äôs not a question of if, but how much we‚Äôre willing to fight back."
1,"The oceans are heating, coral reefs are dying, and sea levels are rising. Climate change is devastating marine life."
1,Wildfires are raging more intensely and frequently than ever before. This is the reality of unchecked climate change.
1,"Floods are displacing millions. Droughts are destroying crops. The planet is in crisis, and we must act now."
1,Talk to your friends and family about climate change. Start the conversation that leads to action.
1,"We need everyone talking about climate change. Share, learn, act‚Äîit starts with a single conversation."
1,"Protecting the planet isn‚Äôt just for future generations‚Äîit‚Äôs for us, here and now. Let‚Äôs be the change."
1,"Climate change is threatening everything we love‚Äîour homes, our health, and our future. It‚Äôs time to step up."
1,"Every small action counts. Recycle, conserve energy, vote for leaders who care‚Äîtogether, we can make a difference."
1,Don‚Äôt underestimate your power. Protecting the planet starts with you. Let‚Äôs make it happen.
1,Hurricanes are getting stronger and more destructive because of climate change. Warmer oceans fuel more devastation.
1,"The cost of ignoring climate change? Billions in hurricane damage, lives lost, and communities displaced. We can‚Äôt afford to wait."
1,Warmer ocean temperatures mean stronger hurricanes. Climate change is amplifying these deadly storms.
1,"From rising seas to catastrophic hurricanes, no corner of the world is safe from climate change. Let‚Äôs act before it‚Äôs too late."
1,"Entire communities are becoming climate refugees, displaced by floods, storms, and uninhabitable land. We must address this crisis."
1,"Climate-driven migration isn‚Äôt just a future problem‚Äîit‚Äôs happening now, across the globe. Let‚Äôs act to protect those most vulnerable."
1,Climate change is driving species to extinction at an unprecedented rate. Protecting biodiversity means protecting life on Earth.
1,Rising temperatures are destroying habitats from coral reefs to rainforests.
1,"Biodiversity loss isn‚Äôt just about animals‚Äîit disrupts entire ecosystems, threatening food, water, and life as we know it."
1,"Every plant and animal plays a role in our ecosystems. Climate change is breaking that balance, and we‚Äôre already seeing the consequences."
1,"Heatwaves are breaking records, making cities unlivable. Climate change is a killer we can‚Äôt ignore."
1,"Climate change is the biggest threat humanity has ever faced. It‚Äôs destroying ecosystems, economies, and lives."
1,"Wildfires are burning longer and hotter every year, fueled by a changing climate. Communities and wildlife are at risk."
1,"The longer we wait, the worse it gets. Climate change is already costing us billions in disaster relief‚Äîand it‚Äôs just the beginning."
1,"Every moment we delay action, we allow more destruction. It‚Äôs time to stand up for our planet."
1,"Our state is stepping up to fight climate change. Together, we‚Äôre building a cleaner, greener future. üå±üåç #ClimateAction"
1,We refuse to sit back as climate change threatens our communities. Our state will lead the charge for bold action.
1,Our state will do its part to protect our future. üåäüí™ #ClimateCrisis
1,"Our state is committed to renewable energy, resilient infrastructure, and a sustainable future. Let‚Äôs fight climate change together. üîãüåø #GreenFuture"